packet_num,byte0,byte1,byte2,byte3,full_word
0,0,0,0,53,0x00000035
1,0,0,0,54,0x00000036
2,0,0,0,55,0x00000037
3,0,0,0,56,0x00000038
4,0,0,0,57,0x00000039
5,0,0,0,58,0x0000003A
6,0,0,0,59,0x0000003B
7,0,0,0,60,0x0000003C
8,0,0,0,61,0x0000003D
9,0,0,0,62,0x0000003E
10,0,0,0,63,0x0000003F
11,0,0,0,64,0x00000040
12,0,0,0,65,0x00000041
13,0,0,0,66,0x00000042
14,0,0,0,67,0x00000043
15,0,0,0,68,0x00000044
16,0,0,0,69,0x00000045
17,0,0,0,70,0x00000046
18,0,0,0,71,0x00000047
19,0,0,0,72,0x00000048
20,0,0,0,73,0x00000049
21,0,0,0,74,0x0000004A
22,0,0,0,75,0x0000004B
23,0,0,0,76,0x0000004C
24,0,0,0,77,0x0000004D
25,0,0,0,78,0x0000004E
26,0,0,0,79,0x0000004F
27,0,0,0,80,0x00000050
28,0,0,0,81,0x00000051
29,0,0,0,82,0x00000052
30,0,0,0,83,0x00000053
31,0,0,0,84,0x00000054
32,0,0,0,85,0x00000055
33,0,0,0,86,0x00000056
34,0,0,0,87,0x00000057
35,0,0,0,88,0x00000058
36,0,0,0,89,0x00000059
37,0,0,0,90,0x0000005A
38,0,0,0,91,0x0000005B
39,0,0,0,92,0x0000005C
40,0,0,0,93,0x0000005D
41,0,0,0,94,0x0000005E
42,0,0,0,95,0x0000005F
43,0,0,0,96,0x00000060
44,0,0,0,97,0x00000061
45,0,0,0,98,0x00000062
46,0,0,0,99,0x00000063
47,0,0,0,100,0x00000064
48,0,0,0,101,0x00000065
49,0,0,0,102,0x00000066
50,0,0,0,103,0x00000067
51,0,0,0,104,0x00000068
52,0,0,0,105,0x00000069
53,0,0,0,106,0x0000006A
54,0,0,0,107,0x0000006B
55,0,0,0,108,0x0000006C
56,0,0,0,109,0x0000006D
57,0,0,0,110,0x0000006E
58,0,0,0,111,0x0000006F
59,0,0,0,112,0x00000070
60,0,0,0,113,0x00000071
61,0,0,0,114,0x00000072
62,0,0,0,115,0x00000073
63,0,0,0,116,0x00000074
64,0,0,0,117,0x00000075
65,0,0,0,118,0x00000076
66,0,0,0,119,0x00000077
67,0,0,0,120,0x00000078
68,0,0,0,121,0x00000079
69,0,0,0,122,0x0000007A
70,0,0,0,123,0x0000007B
71,0,0,0,124,0x0000007C
72,0,0,0,125,0x0000007D
73,0,0,0,126,0x0000007E
74,0,0,0,128,0x00000080
75,0,0,0,129,0x00000081
76,0,0,0,130,0x00000082
77,0,0,0,131,0x00000083
78,0,0,0,132,0x00000084
79,0,0,0,133,0x00000085
80,0,0,0,134,0x00000086
81,0,0,0,135,0x00000087
82,0,0,0,136,0x00000088
83,0,0,0,137,0x00000089
84,0,0,0,138,0x0000008A
85,0,0,0,139,0x0000008B
86,0,0,0,140,0x0000008C
87,0,0,0,141,0x0000008D
88,0,0,0,142,0x0000008E
89,0,0,0,143,0x0000008F
90,0,0,0,144,0x00000090
91,0,0,0,145,0x00000091
92,0,0,0,146,0x00000092
93,0,0,0,147,0x00000093
94,0,0,0,148,0x00000094
95,0,0,0,149,0x00000095
96,0,0,0,150,0x00000096
97,0,0,0,151,0x00000097
98,0,0,0,152,0x00000098
99,0,0,0,153,0x00000099
100,0,0,0,154,0x0000009A
101,0,0,0,155,0x0000009B
102,0,0,0,156,0x0000009C
103,0,0,0,157,0x0000009D
104,0,0,0,158,0x0000009E
105,0,0,0,159,0x0000009F
106,0,0,0,160,0x000000A0
107,0,0,0,161,0x000000A1
108,0,0,0,162,0x000000A2
109,0,0,0,163,0x000000A3
110,0,0,0,164,0x000000A4
111,0,0,0,165,0x000000A5
112,0,0,0,166,0x000000A6
113,0,0,0,167,0x000000A7
114,0,0,0,168,0x000000A8
115,0,0,0,169,0x000000A9
116,0,0,0,170,0x000000AA
117,0,0,0,171,0x000000AB
118,0,0,0,172,0x000000AC
119,0,0,0,173,0x000000AD
120,0,0,0,174,0x000000AE
121,0,0,0,175,0x000000AF
122,0,0,0,176,0x000000B0
123,0,0,0,177,0x000000B1
124,0,0,0,178,0x000000B2
125,0,0,0,179,0x000000B3
126,0,0,0,180,0x000000B4
127,0,0,0,181,0x000000B5
128,0,0,0,182,0x000000B6
129,0,0,0,183,0x000000B7
130,0,0,0,184,0x000000B8
131,0,0,0,185,0x000000B9
132,0,0,0,186,0x000000BA
133,0,0,0,187,0x000000BB
134,0,0,0,188,0x000000BC
135,0,0,0,189,0x000000BD
136,0,0,0,190,0x000000BE
137,0,0,0,191,0x000000BF
138,0,0,0,192,0x000000C0
139,0,0,0,193,0x000000C1
140,0,0,0,194,0x000000C2
141,0,0,0,195,0x000000C3
142,0,0,0,196,0x000000C4
143,0,0,0,197,0x000000C5
144,0,0,0,198,0x000000C6
145,0,0,0,199,0x000000C7
146,0,0,0,200,0x000000C8
147,0,0,0,201,0x000000C9
148,0,0,0,202,0x000000CA
149,0,0,0,203,0x000000CB
150,0,0,0,204,0x000000CC
151,0,0,0,205,0x000000CD
152,0,0,0,206,0x000000CE
153,0,0,0,207,0x000000CF
154,0,0,0,208,0x000000D0
155,0,0,0,209,0x000000D1
156,0,0,0,210,0x000000D2
157,0,0,0,211,0x000000D3
158,0,0,0,212,0x000000D4
159,0,0,0,213,0x000000D5
160,0,0,0,214,0x000000D6
161,0,0,0,215,0x000000D7
162,0,0,0,216,0x000000D8
163,0,0,0,217,0x000000D9
164,0,0,0,218,0x000000DA
165,0,0,0,219,0x000000DB
166,0,0,0,220,0x000000DC
167,0,0,0,221,0x000000DD
168,0,0,0,222,0x000000DE
169,0,0,0,223,0x000000DF
170,0,0,0,224,0x000000E0
171,0,0,0,225,0x000000E1
172,0,0,0,226,0x000000E2
173,0,0,0,227,0x000000E3
174,0,0,0,228,0x000000E4
175,0,0,0,229,0x000000E5
176,0,0,0,230,0x000000E6
177,0,0,0,231,0x000000E7
178,0,0,0,232,0x000000E8
179,0,0,0,233,0x000000E9
